"id","name","swings_competitive","percent_swings_competitive","contact","avg_bat_speed","hard_swing_rate","squared_up_per_bat_contact","squared_up_per_swing","blast_per_bat_contact","blast_per_swing","swing_length","swords","batter_run_value","whiffs","whiff_per_swing","batted_ball_events","batted_ball_event_per_swing"
665833,"Cruz, Oneil",818,0.9058693244739756,553,"78.789158068",0.7836185819070906,0.32368896925858953,0.21882640586797067,0.24773960216998192,0.16748166259168704,"7.760677592",19,-21.06072956724763,265,0.32396088019559904,271,0.3312958435207824
691406,"Caminero, Junior",1090,0.9068219633943427,839,"78.539181982",0.8110091743119268,0.2908224076281287,0.22385321100917432,0.22407628128724671,0.1724770642201835,"8.417281284",21,2.374002459884199,251,0.23027522935779818,427,0.39174311926605504
691023,"Walker, Jordan",686,0.9050131926121372,465,"78.069257522",0.7784256559766762,0.26666666666666666,0.18075801749271136,0.2,0.13556851311953352,"8.258906224",21,-19.14626067890846,221,0.32215743440233235,231,0.336734693877551
666176,"Adell, Jo",1032,0.9028871391076115,779,"77.613888062",0.7335271317829457,0.26187419768934533,0.19767441860465115,0.19127086007702182,0.14437984496124032,"7.728556453",30,0.6673684378131393,253,0.2451550387596899,354,0.3430232558139535
656941,"Schwarber, Kyle",1138,0.9003164556962026,807,"77.316244517",0.7706502636203867,0.322180916976456,0.22847100175746923,0.24659231722428748,0.17486818980667837,"7.530869815",51,11.19915332074341,331,0.29086115992970124,385,0.3383128295254833
701762,"Kurtz, Nick",731,0.9103362391033624,488,"77.211195171",0.7264021887824899,0.2930327868852459,0.19562243502051985,0.22131147540983606,0.14774281805745554,"7.705810629",18,22.429127053526123,243,0.332421340629275,242,0.33105335157318744
592450,"Judge, Aaron",1015,0.9022222222222223,685,"76.992197803",0.716256157635468,0.3416058394160584,0.23054187192118228,0.2510948905109489,0.16945812807881774,"8.109203547",35,34.14853191953661,330,0.3251231527093596,347,0.341871921182266
665489,"Guerrero Jr., Vladimir",927,0.9124015748031497,734,"76.664463484",0.6774541531823085,0.37193460490463215,0.29449838187702265,0.2574931880108992,0.20388349514563106,"7.632336192",8,4.929227111202003,193,0.20819848975188782,454,0.48975188781014023
670242,"Wallner, Matt",693,0.90234375,448,"76.567157042",0.6854256854256854,0.25223214285714285,0.16305916305916307,0.16964285714285715,0.10966810966810966,"7.422964863",21,-3.6821847534461254,245,0.35353535353535354,204,0.2943722943722944
677594,"Rodríguez, Julio",1212,0.905829596412556,884,"76.437334686",0.6386138613861387,0.3076923076923077,0.22442244224422442,0.19796380090497737,0.1443894389438944,"7.674201295",19,-2.488492786667159,328,0.2706270627062706,458,0.3778877887788779
660670,"Acuña Jr., Ronald",707,0.8994910941475827,502,"76.414268656",0.6732673267326732,0.28286852589641437,0.20084865629420084,0.199203187250996,0.14144271570014144,"7.593044752",17,1.8901222995738354,205,0.28995756718529,226,0.31966053748231965
695578,"Wood, James",1029,0.901840490797546,721,"76.045597784",0.6268221574344023,0.3356449375866852,0.23517978620019436,0.2274618585298197,0.15937803692905733,"7.660401516",44,-1.1969703349949747,308,0.29931972789115646,353,0.3430515063168124
575929,"Contreras, Willson",926,0.9034146341463415,666,"75.993222084",0.6209503239740819,0.2912912912912913,0.20950323974082075,0.1831831831831832,0.13174946004319654,"7.962314244",14,-10.202626987773302,260,0.28077753779697623,319,0.3444924406047516
680718,"Barger, Addison",855,0.9076433121019108,641,"75.928020187",0.6269005847953215,0.30577223088923555,0.22923976608187135,0.2059282371294852,0.1543859649122807,"7.657877567",7,-13.72368764769065,214,0.25029239766081873,316,0.3695906432748538
663586,"Riley, Austin",800,0.9019165727170236,577,"75.887103088",0.6050000000000001,0.2755632582322357,0.19875,0.1923743500866551,0.13875,"7.567306888",18,-14.124676305059127,223,0.27875,265,0.33125
660821,"Sánchez, Jesús",826,0.9066959385290889,621,"75.851158487",0.5883777239709441,0.30434782608695654,0.2288135593220339,0.18679549114331723,0.14043583535108958,"6.918172554",14,-24.850545723080977,205,0.24818401937046006,316,0.38256658595641646
660271,"Ohtani, Shohei",1149,0.9025923016496465,788,"75.848867685",0.618798955613577,0.36421319796954316,0.24978241949521324,0.26015228426395937,0.1784160139251523,"7.932627581",14,25.066754931089132,361,0.31418624891209745,389,0.33855526544821585
673357,"Robert Jr., Luis",723,0.9026217228464419,518,"75.613043555",0.5739972337482712,0.28378378378378377,0.2033195020746888,0.1640926640926641,0.11756569847856155,"7.81207177",19,-14.895848723691127,205,0.2835408022130014,257,0.355463347164592
682985,"Greene, Riley",1255,0.9074475777295734,866,"75.60623192",0.5721115537848608,0.24595842956120093,0.1697211155378486,0.151270207852194,0.10438247011952191,"7.274556876",6,-13.09729666895655,389,0.3099601593625498,359,0.2860557768924303
683002,"Henderson, Gunnar",1061,0.9122957867583835,821,"75.340720999",0.5344015080113101,0.32399512789281365,0.25070688030160226,0.20341047503045068,0.15739868049010367,"7.278690434",21,-14.388135040916989,240,0.22620169651272384,417,0.3930254476908577
686948,"Baldwin, Drake",778,0.9067599067599068,638,"75.302231992",0.5642673521850898,0.31191222570532917,0.25578406169665807,0.1896551724137931,0.15552699228791775,"7.184185013",9,-1.551116636470625,140,0.17994858611825193,316,0.40616966580976865
624413,"Alonso, Pete",1133,0.9085805934242182,858,"75.256778967",0.5339805825242718,0.3356643356643357,0.25419240953221534,0.22727272727272727,0.17210944395410416,"7.057215755",15,-3.545842109061484,275,0.24271844660194175,433,0.382171226831421
663728,"Raleigh, Cal",1282,0.9009135628952917,918,"75.240044431",0.5468018720748832,0.2777777777777778,0.19890795631825273,0.17429193899782136,0.12480499219968799,"7.89323259",29,5.855278933115946,364,0.2839313572542902,383,0.29875195007800315
682663,"Ramírez, Agustín",945,0.9104046242774566,719,"75.23016891",0.5544973544973546,0.3198887343532684,0.24338624338624337,0.21557719054242003,0.164021164021164,"7.505137651",19,-21.178508166265892,226,0.23915343915343915,399,0.4222222222222222
663624,"Mountcastle, Ryan",691,0.9092105263157895,477,"75.209663473",0.5267727930535455,0.2746331236897275,0.18958031837916064,0.1509433962264151,0.10419681620839363,"7.532170564",13,-14.229017053904279,214,0.3096960926193922,220,0.3183791606367583
672356,"Arias, Gabriel",911,0.9082751744765702,556,"75.07646303",0.5268935236004391,0.2751798561151079,0.16794731064763996,0.1618705035971223,0.09879253567508232,"7.616500099",22,-29.676175679872376,355,0.3896816684961581,257,0.28210757409440174
621439,"Buxton, Byron",934,0.9050387596899225,665,"75.034829251",0.5053533190578161,0.318796992481203,0.22698072805139186,0.20300751879699247,0.14453961456102785,"7.93421576",15,11.804726778960184,269,0.2880085653104925,332,0.3554603854389722
669065,"Stowers, Kyle",814,0.9024390243902439,566,"75.003284631",0.5171990171990172,0.29858657243816256,0.2076167076167076,0.17491166077738515,0.12162162162162163,"6.737465393",24,4.866741812072933,248,0.3046683046683047,259,0.3181818181818182
656305,"Chapman, Matt",824,0.9064906490649065,627,"74.95186142",0.508495145631068,0.29984051036682613,0.22815533980582525,0.18022328548644337,0.13713592233009708,"7.486535886",20,-15.09182443886757,197,0.23907766990291263,301,0.36529126213592233
683146,"Baty, Brett",717,0.9053030303030303,527,"74.80152152",0.485355648535565,0.3092979127134725,0.22733612273361228,0.174573055028463,0.12831241283124128,"7.358614142",16,-5.184352811514512,190,0.2649930264993027,261,0.36401673640167365
680776,"Duran, Jarren",1090,0.9083333333333333,797,"74.780223881",0.4752293577981654,0.3199498117942284,0.23394495412844038,0.1944792973651192,0.14220183486238533,"7.483983569",21,-15.27128659521644,293,0.26880733944954127,417,0.38256880733944953
657757,"Sheets, Gavin",916,0.9078295341922695,732,"74.776802238",0.5185589519650655,0.3128415300546448,0.25,0.1762295081967213,0.1408296943231441,"7.744474476",20,-10.223614010791835,184,0.20087336244541484,374,0.40829694323144106
682998,"Carroll, Corbin",1082,0.9039264828738512,829,"74.653640647",0.455637707948244,0.3039806996381182,0.23290203327171904,0.1942098914354644,0.1487985212569316,"7.305025518",20,-2.8026556975088526,253,0.23382624768946395,383,0.3539741219963031
669394,"Burger, Jake",648,0.9050279329608939,464,"74.646523071",0.5000000000000001,0.31896551724137934,0.22839506172839505,0.21551724137931033,0.15432098765432098,"7.434226512",13,-15.07549318077617,184,0.2839506172839506,240,0.37037037037037035
606466,"Marte, Ketel",844,0.9075268817204301,663,"74.616460948",0.4549763033175356,0.3559577677224736,0.2796208530805687,0.19306184012066366,0.15165876777251186,"7.834037192",14,-2.6059910510382744,181,0.21445497630331753,365,0.4324644549763033
701358,"Smith, Cam",885,0.9049079754601227,640,"74.498750667",0.4689265536723164,0.2546875,0.18418079096045198,0.1453125,0.10508474576271186,"7.315622395",16,-22.352076323245328,245,0.2768361581920904,294,0.33220338983050846
682829,"De La Cruz, Elly",1083,0.9055183946488294,750,"74.485111062",0.4496768236380424,0.344,0.23822714681440443,0.204,0.14127423822714683,"7.188370813",32,-16.818128744316116,333,0.3074792243767313,409,0.37765466297322253
592518,"Machado, Manny",1185,0.9045801526717557,891,"74.470258042",0.4303797468354431,0.35353535353535354,0.26582278481012656,0.21997755331088664,0.16540084388185655,"7.822820886",20,-16.378292677774738,294,0.2481012658227848,456,0.3848101265822785
671056,"Herrera, Iván",703,0.9059278350515464,549,"74.395397681",0.47652916073968704,0.3224043715846995,0.25177809388335703,0.18761384335154827,0.1465149359886202,"7.840217368",4,-9.02497325400551,154,0.21906116642958748,273,0.3883357041251778
696100,"Goodman, Hunter",1035,0.905511811023622,728,"74.380206309",0.42705314009661843,0.3090659340659341,0.21739130434782608,0.16346153846153846,0.11497584541062802,"7.255008937",27,5.8137131998403735,307,0.2966183574879227,356,0.34396135265700484
677951,"Witt Jr., Bobby",1114,0.9079054604726976,865,"74.337984048",0.4506283662477558,0.34797687861271676,0.27019748653500897,0.2,0.15529622980251345,"7.033936077",24,-2.192873450696047,249,0.22351885098743268,454,0.40754039497307004
671739,"Harris II, Michael",1073,0.9039595619208087,824,"74.324738145",0.40726933830382117,0.3118932038834951,0.23951537744641194,0.18810679611650485,0.14445479962721341,"8.043171855",22,-29.5813911278593,249,0.2320596458527493,438,0.4082013047530289
547180,"Harper, Bryce",1033,0.9013961605584643,734,"74.188664105",0.44336882865440463,0.3010899182561308,0.21393998063891578,0.18392370572207084,0.13068731848983542,"7.340089903",15,-8.685617007501843,299,0.2894482090997096,348,0.33688286544046464
572233,"Walker, Christian",1157,0.9017926734216679,842,"74.121950838",0.4191875540190147,0.28859857482185275,0.21002592912705273,0.16389548693586697,0.11927398444252377,"7.475370778",54,-24.42773764125971,315,0.2722558340535869,380,0.32843560933448573
677800,"Abreu, Wilyer",745,0.9063260340632603,593,"74.113350443",0.4093959731543624,0.2748735244519393,0.21879194630872484,0.16863406408094436,0.1342281879194631,"7.118607423",15,-4.879121689955287,152,0.2040268456375839,265,0.35570469798657717
691176,"Domínguez, Jasson",769,0.9111374407582938,566,"74.059258804",0.38491547464239273,0.28975265017667845,0.21326397919375814,0.17314487632508835,0.12743823146944083,"7.794933602",7,-13.403110579139705,203,0.26397919375812745,254,0.33029908972691807
545361,"Trout, Mike",857,0.9021052631578947,617,"74.049968238",0.4014002333722287,0.2739059967585089,0.1971995332555426,0.16369529983792544,0.11785297549591599,"7.462248705",25,-13.688381473882611,240,0.28004667444574094,262,0.3057176196032672
641857,"McMahon, Ryan",1001,0.9042457091237579,670,"74.025842228",0.4005994005994006,0.31343283582089554,0.2097902097902098,0.1701492537313433,0.11388611388611389,"7.443851459",28,-35.35739927577842,331,0.3306693306693307,299,0.2987012987012987
671218,"Ramos, Heliot",1122,0.9048387096774193,855,"74.003327959",0.44652406417112306,0.32748538011695905,0.24955436720142601,0.1824561403508772,0.13903743315508021,"6.83663451",24,-29.45606812614143,267,0.23796791443850268,430,0.38324420677361853
691016,"Soderstrom, Tyler",959,0.9098671726755219,731,"73.960501168",0.38060479666319086,0.32968536251709984,0.251303441084463,0.2079343365253078,0.15849843587069865,"7.481178843",27,-11.288902389202644,228,0.23774765380604795,376,0.3920750782064651
665487,"Tatis Jr., Fernando",1036,0.9048034934497816,774,"73.960078147",0.4266409266409268,0.3695090439276486,0.27606177606177607,0.21834625322997417,0.16312741312741313,"7.28345333",32,-18.964127098134544,262,0.2528957528957529,415,0.40057915057915056
624424,"Conforto, Michael",835,0.9155701754385965,641,"73.955932287",0.4263473053892215,0.27301092043681746,0.20958083832335328,0.14040561622464898,0.10778443113772455,"7.304327126",7,-34.48168750604039,194,0.23233532934131737,286,0.34251497005988024
621566,"Olson, Matt",1256,0.9088277858176556,940,"73.94386164",0.41321656050955413,0.2925531914893617,0.21894904458598727,0.18085106382978725,0.13535031847133758,"7.47358371",21,-9.3357690779441,316,0.2515923566878981,406,0.3232484076433121
665862,"Chisholm Jr., Jazz",881,0.9054470709146968,608,"73.927217537",0.41884222474460836,0.29605263157894735,0.2043132803632236,0.16282894736842105,0.11237230419977298,"7.803667128",7,-5.460189473406354,273,0.3098751418842225,282,0.32009080590238365
694192,"Chourio, Jackson",992,0.9009990917347865,760,"73.879173498",0.4002016129032258,0.34342105263157896,0.26310483870967744,0.1868421052631579,0.1431451612903226,"7.507009163",22,-5.126552328116259,232,0.23387096774193547,402,0.40524193548387094
664040,"Lowe, Brandon",1055,0.9055793991416309,741,"73.851873033",0.40379146919431286,0.29959514170040485,0.2104265402843602,0.15654520917678813,0.10995260663507109,"7.18868",31,-10.549466401504281,314,0.2976303317535545,341,0.3232227488151659
669127,"Langeliers, Shea",889,0.905295315682281,672,"73.821159348",0.3959505061867267,0.3244047619047619,0.2452193475815523,0.1875,0.14173228346456693,"7.210800765",5,0.41166526696454997,217,0.2440944881889764,351,0.3948256467941507
621043,"Correa, Carlos",927,0.9097154072620216,734,"73.809263398",0.37864077669902896,0.31471389645776565,0.24919093851132687,0.18256130790190736,0.14455231930960086,"7.197621521",15,-11.571003160977604,193,0.20819848975188782,380,0.4099244875943905
666160,"Moniak, Mickey",800,0.8998875140607424,593,"73.765342013",0.37375,0.33220910623946037,0.24625,0.16863406408094436,0.125,"7.673505663",19,3.069839668301928,207,0.25875,314,0.3925
671732,"Butler, Lawrence",1041,0.9028620988725065,719,"73.750080653",0.3919308357348703,0.30598052851182195,0.21133525456292027,0.17663421418636996,0.12199807877041306,"7.081448463",26,-25.230679016128622,322,0.30931796349663787,356,0.34197886647454373
543807,"Springer, George",922,0.9021526418786693,694,"73.743484772",0.4034707158351409,0.3270893371757925,0.24620390455531455,0.18587896253602307,0.1399132321041215,"7.500359111",13,8.405849532400005,228,0.2472885032537961,355,0.38503253796095444
668904,"Lewis, Royce",683,0.9034391534391535,512,"73.64248631",0.3982430453879941,0.33203125,0.24890190336749635,0.16796875,0.1259150805270864,"8.024680059",12,-4.907378367236871,171,0.25036603221083453,263,0.3850658857979502
665742,"Soto, Juan",917,0.8999018645731109,752,"73.594467372",0.40894220283533256,0.3962765957446808,0.3249727371864776,0.2632978723404255,0.2159214830970556,"7.028068844",36,16.117597992119215,165,0.17993456924754633,414,0.4514721919302072
650490,"Díaz, Yandy",979,0.9064814814814814,811,"73.570977436",0.35342185903983653,0.3637484586929716,0.30132788559754853,0.2379778051787916,0.19713993871297242,"7.639619193",9,-6.884815373620713,168,0.17160367722165476,439,0.4484167517875383
667670,"Rooker, Brent",1126,0.9029671210906175,810,"73.547462265",0.35701598579040866,0.3333333333333333,0.23978685612788633,0.17160493827160495,0.12344582593250444,"7.102419014",45,-12.378890722091034,316,0.28063943161634103,435,0.38632326820603907
664056,"Bader, Harrison",835,0.90465872156013,605,"73.527069449",0.3712574850299402,0.28264462809917357,0.20479041916167665,0.15206611570247933,0.11017964071856287,"7.150258299",18,-3.2900956532448813,230,0.2754491017964072,298,0.3568862275449102
595879,"Báez, Javier",738,0.8989037758830695,529,"73.51512607",0.3441734417344172,0.30245746691871456,0.21680216802168023,0.16257088846880907,0.11653116531165311,"8.2668379",10,-9.132474582088708,209,0.28319783197831977,278,0.37669376693766937
663457,"Nootbaar, Lars",807,0.9047085201793722,650,"73.436411289",0.37794299876084264,0.36,0.2899628252788104,0.19384615384615383,0.15613382899628253,"6.894047968",20,-24.9363266140116,157,0.19454770755885997,355,0.4399008674101611
669224,"Wells, Austin",807,0.9036954087346024,604,"73.426844994",0.3110285006195786,0.2947019867549669,0.22057001239157373,0.1672185430463576,0.1251548946716233,"7.595962491",12,-13.4594613860047,203,0.25154894671623296,274,0.3395291201982652
676572,"Wagaman, Eric",778,0.9036004645760743,609,"73.418307545",0.36632390745501286,0.3760262725779967,0.2943444730077121,0.19540229885057472,0.15295629820051415,"7.128526028",26,-15.695383701919724,169,0.21722365038560412,356,0.45758354755784064
700250,"Rice, Ben",780,0.9090909090909091,629,"73.40694141",0.3448717948717949,0.3863275039745628,0.31153846153846154,0.24006359300476948,0.1935897435897436,"7.361684654",15,-2.507814666224787,151,0.1935897435897436,340,0.4358974358974359
502054,"Pham, Tommy",644,0.9057665260196905,506,"73.400016863",0.32763975155279507,0.3715415019762846,0.2919254658385093,0.18181818181818182,0.14285714285714285,"7.027149317",10,-13.38018681997886,138,0.21428571428571427,274,0.4254658385093168
592885,"Yelich, Christian",1053,0.901541095890411,760,"73.379729421",0.3561253561253561,0.3236842105263158,0.2336182336182336,0.18289473684210528,0.13200379867046533,"7.537375935",23,-10.400925066798692,293,0.27825261158594494,381,0.36182336182336183
673548,"Suzuki, Seiya",988,0.9006381039197813,782,"73.36558583",0.3714574898785425,0.33248081841432225,0.2631578947368421,0.19053708439897699,0.1508097165991903,"7.222298613",26,-0.9202503506370752,206,0.20850202429149797,397,0.4018218623481781
661388,"Contreras, William",1051,0.8982905982905983,821,"73.253165109",0.35014272121788775,0.36662606577344703,0.28639391056137015,0.19366626065773446,0.15128449096098953,"7.11134352",27,-15.868162833119543,230,0.21883920076117983,420,0.39961941008563273
687597,"Beck, Jordan",942,0.9075144508670521,658,"73.199990499",0.32908704883227174,0.26443768996960487,0.18471337579617833,0.1337386018237082,0.09341825902335456,"7.724561242",8,-9.42606212036858,284,0.30148619957537154,319,0.3386411889596603
694671,"Langford, Wyatt",900,0.9063444108761329,675,"73.144246678",0.29,0.3437037037037037,0.2577777777777778,0.17925925925925926,0.13444444444444445,"7.020940822",10,-14.413496195008996,225,0.25,321,0.3566666666666667
605137,"Bell, Josh",889,0.9080694586312564,698,"73.081846254",0.34870641169853767,0.3438395415472779,0.26996625421822273,0.18624641833810887,0.14623172103487064,"7.964290945",12,-23.399487100369765,191,0.21484814398200225,364,0.4094488188976378
679529,"Torkelson, Spencer",1048,0.9105125977410947,789,"73.047568006",0.26431297709923657,0.30671736375158426,0.23091603053435114,0.1520912547528517,0.11450381679389313,"7.762899275",17,-21.937527761472005,259,0.24713740458015268,369,0.3520992366412214
606192,"Hernández, Teoscar",946,0.9069990412272292,660,"72.943081924",0.3097251585623679,0.346969696969697,0.24207188160676532,0.18484848484848485,0.12896405919661733,"7.812608763",26,-17.22474871152253,286,0.3023255813953488,353,0.37315010570824525
521692,"Perez, Salvador",1151,0.9013312451057165,862,"72.936409731",0.3049522154648132,0.3259860788863109,0.24413553431798435,0.1751740139211137,0.13119026933101652,"7.853045725",22,-20.91827241924397,289,0.2510860121633362,441,0.3831450912250217
542303,"Ozuna, Marcell",906,0.9014925373134328,677,"72.883619272",0.3156732891832229,0.3175775480059084,0.23730684326710816,0.14623338257016247,0.10927152317880795,"7.2430117",3,-13.252673140586783,229,0.25275938189845476,313,0.3454746136865342
691718,"Crow-Armstrong, Pete",1225,0.9060650887573964,901,"72.729197559",0.28489795918367344,0.30077691453940064,0.22122448979591836,0.146503884572697,0.10775510204081633,"7.23741551",24,-7.894141731490587,324,0.26448979591836735,415,0.33877551020408164
666134,"Jones, Nolan",690,0.9019607843137255,502,"72.724750536",0.3144927536231884,0.30278884462151395,0.22028985507246376,0.14143426294820718,0.10289855072463767,"6.87245613",14,-26.47872311525625,188,0.27246376811594203,216,0.3130434782608696
669911,"Toglia, Michael",585,0.8944954128440367,387,"72.724575419",0.22735042735042735,0.2661498708010336,0.17606837606837608,0.13178294573643412,0.08717948717948718,"7.579395009",15,-15.904302883008821,198,0.3384615384615385,167,0.28547008547008546
669357,"Gorman, Nolan",687,0.9027595269382391,465,"72.705924687",0.24454148471615722,0.2752688172043011,0.18631732168850074,0.13118279569892474,0.08879184861717612,"7.552257918",17,-20.76347252445031,222,0.3231441048034934,200,0.29112081513828236
686555,"Collins, Isaac",683,0.9058355437665783,542,"72.67321325",0.22547584187408495,0.3044280442804428,0.24158125915080528,0.14022140221402213,0.11127379209370425,"6.688299605",19,-11.095487063929163,141,0.20644216691068815,262,0.383601756954612
663993,"Lowe, Nathaniel",1035,0.9039301310043668,801,"72.667132184",0.24251207729468607,0.2746566791510612,0.21256038647342995,0.13358302122347065,0.10338164251207729,"7.221843797",28,-23.148945906278616,234,0.22608695652173913,356,0.34396135265700484
502671,"Goldschmidt, Paul",900,0.9146341463414634,732,"72.629168189",0.21888888888888888,0.3401639344262295,0.27666666666666667,0.15710382513661203,0.12777777777777777,"7.587425833",9,-14.047163586072285,168,0.18666666666666668,371,0.4122222222222222
683011,"Volpe, Anthony",977,0.9037927844588344,741,"72.59852911",0.2855680655066531,0.33468286099865047,0.2538382804503582,0.15519568151147098,0.11770726714431934,"7.248336776",11,-32.40619780592603,236,0.24155578300921188,361,0.3694984646878199
686780,"Pagés, Pedro",684,0.9059602649006623,502,"72.593405746",0.2733918128654971,0.26294820717131473,0.19298245614035087,0.1254980079681275,0.09210526315789473,"7.110053275",18,-16.449213059833877,182,0.26608187134502925,240,0.3508771929824561
672820,"Sosa, Lenyn",932,0.9057337220602527,729,"72.574127146",0.26287553648068673,0.3443072702331962,0.26931330472103004,0.16186556927297668,0.12660944206008584,"7.420237575",9,1.5966038468006154,203,0.21781115879828325,372,0.39914163090128757
681624,"Pages, Andy",1114,0.9005658852061439,905,"72.5706936",0.21543985637342913,0.292817679558011,0.2378815080789946,0.1270718232044199,0.10323159784560143,"7.889855503",31,1.9967620372810186,209,0.18761220825852784,418,0.3752244165170557
608369,"Seager, Corey",731,0.9024691358024691,539,"72.552322271",0.21887824897400826,0.35435992578849723,0.2612859097127223,0.20408163265306123,0.15047879616963064,"6.68573275",21,-6.574383473418573,192,0.26265389876880985,265,0.3625170998632011
672386,"Kirk, Alejandro",844,0.9114470842332614,693,"72.537012725",0.2855450236966825,0.3838383838383838,0.31516587677725116,0.2106782106782107,0.17298578199052134,"7.193210912",12,-14.480763446977999,151,0.17890995260663506,384,0.4549763033175355
686469,"Pasquantino, Vinnie",1093,0.9093178036605657,907,"72.528404575",0.2644098810612992,0.3627342888643881,0.3010064043915828,0.18302094818081588,0.15187557182067704,"7.381393413",12,-1.5272926588292446,186,0.17017383348581885,477,0.4364135407136322
666139,"Lowe, Josh",875,0.9057971014492754,636,"72.43918344",0.2754285714285714,0.2688679245283019,0.19542857142857142,0.10062893081761007,0.07314285714285715,"7.309980034",15,-31.382252100945507,239,0.27314285714285713,265,0.3028571428571429
671277,"García Jr., Luis",878,0.9051546391752577,710,"72.4022391",0.28018223234624134,0.376056338028169,0.3041002277904328,0.18028169014084508,0.14578587699316628,"7.401102995",18,-10.62836234387308,168,0.19134396355353075,388,0.4419134396355353
682928,"Abrams, CJ",1033,0.9006102877070619,799,"72.400841365",0.25459825750242016,0.3141426783479349,0.24298160696999033,0.1376720901126408,0.10648596321393998,"7.600194743",28,-22.5963041698379,234,0.2265246853823814,415,0.40174249757986447
687401,"Ortiz, Joey",759,0.9046483909415971,643,"72.400831436",0.24374176548089602,0.27527216174183516,0.233201581027668,0.1290824261275272,0.10935441370223979,"7.529069433",7,-16.433391448614422,116,0.152832674571805,356,0.46903820816864294
666310,"Naylor, Bo",705,0.9085051546391752,566,"72.371691887",0.22127659574468084,0.2862190812720848,0.2297872340425532,0.11484098939929328,0.09219858156028368,"7.765857106",18,-21.683971639232496,139,0.1971631205673759,248,0.3517730496453901
676475,"Burleson, Alec",838,0.9020452099031216,706,"72.364166718",0.2923627684964201,0.3909348441926346,0.32935560859188545,0.18696883852691218,0.1575178997613365,"7.452156718",12,0.38645758676241027,132,0.1575178997613365,389,0.46420047732696895
668227,"Arozarena, Randy",1091,0.9009083402146986,792,"72.326694033",0.29789184234647126,0.34974747474747475,0.2538955087076077,0.1830808080808081,0.13290559120073328,"7.445398588",20,-18.80516938829891,299,0.27406049495875345,383,0.3510540788267644
665161,"Peña, Jeremy",811,0.9051339285714286,604,"72.317324538",0.156596794081381,0.4056291390728477,0.30209617755856966,0.1986754966887417,0.14796547472256474,"7.551023366",13,0.9077792022947588,207,0.25524044389642414,381,0.46979038224414305
665966,"Narváez, Carlos",796,0.9045454545454545,590,"72.283279987",0.20477386934673367,0.34576271186440677,0.2562814070351759,0.15593220338983052,0.11557788944723618,"7.594159384",15,-15.168528241541605,206,0.25879396984924624,274,0.3442211055276382
553993,"Suárez, Eugenio",1150,0.8984375,804,"72.269102113",0.2652173913043478,0.31592039800995025,0.22086956521739132,0.15422885572139303,0.10782608695652174,"7.803078635",57,2.7429266205033422,346,0.3008695652173913,371,0.3226086956521739
607043,"Nimmo, Brandon",1061,0.9029787234042553,817,"72.253574015",0.26484448633364754,0.34394124847001223,0.2648444863336475,0.19216646266829865,0.14797360980207352,"7.190820801",22,-21.47524677338629,244,0.2299717247879359,403,0.37983034872761545
668804,"Reynolds, Bryan",1151,0.9027450980392157,843,"72.221864657",0.22849695916594273,0.32858837485172004,0.24066029539530842,0.16370106761565836,0.11989574283231973,"6.94773384",45,-30.167198297491666,308,0.2675933970460469,390,0.33883579496090355
593428,"Bogaerts, Xander",741,0.9036585365853659,592,"72.216795992",0.26045883940620784,0.36317567567567566,0.2901484480431849,0.1570945945945946,0.12550607287449392,"7.335557058",16,-19.206902302834774,149,0.20107962213225372,352,0.4750337381916329
673237,"Diaz, Yainer",979,0.9031365313653137,773,"72.192034883",0.21756894790602654,0.34799482535575677,0.27477017364657813,0.1759379042690815,0.13891726251276812,"7.33102382",30,-15.083571077063151,206,0.21041879468845762,413,0.4218590398365679
665019,"Clemens, Kody",654,0.9058171745152355,508,"72.190420994",0.1758409785932722,0.3464566929133858,0.2691131498470948,0.1830708661417323,0.14220183486238533,"7.27644396",9,-13.441119053290212,146,0.22324159021406728,239,0.3654434250764526
657656,"Laureano, Ramón",828,0.9009793253536452,619,"72.186227283",0.22342995169082125,0.3166397415185784,0.23671497584541062,0.16478190630048464,0.12318840579710146,"7.011660773",28,-1.5167948728643221,209,0.2524154589371981,293,0.3538647342995169
663616,"Larnach, Trevor",859,0.9070749736008448,615,"72.180620186",0.23166472642607683,0.37886178861788616,0.2712456344586729,0.16747967479674797,0.119906868451688,"7.268091723",19,-21.23283459846605,244,0.2840512223515716,345,0.40162980209545984
666969,"García, Adolis",1002,0.9067873303167421,722,"72.128697236",0.253493013972056,0.3587257617728532,0.25848303393213573,0.16897506925207756,0.1217564870259481,"7.584371627",16,-31.207784732405766,280,0.27944111776447106,359,0.3582834331337325
663656,"Tucker, Kyle",926,0.9034146341463415,761,"72.055486469",0.23650107991360686,0.3600525624178712,0.2958963282937365,0.15243101182654403,0.12526997840172785,"7.55312757",15,-17.300447751237776,165,0.17818574514038876,399,0.43088552915766737
642715,"Adames, Willy",1152,0.9049489395129615,846,"72.054164271",0.1979166666666666,0.2919621749408983,0.2144097222222222,0.1182033096926714,0.08680555555555555,"8.139825538",14,-20.426527145795617,306,0.265625,388,0.3368055555555556
592663,"Realmuto, J.T.",937,0.9097087378640777,721,"72.035947332",0.26254002134471727,0.30374479889042993,0.23372465314834578,0.14979195561719832,0.1152614727854856,"7.517769466",16,-28.88665147447146,216,0.2305229455709712,336,0.35859124866595515
663697,"India, Jonathan",830,0.9011943539630836,690,"71.98980012",0.23493975903614459,0.32608695652173914,0.2710843373493976,0.13623188405797101,0.11325301204819277,"7.298696494",29,-28.4739412595635,140,0.1686746987951807,368,0.4433734939759036
701538,"Merrill, Jackson",854,0.9046610169491526,627,"71.972846183",0.1990632318501171,0.30303030303030304,0.2224824355971897,0.15311004784688995,0.11241217798594848,"7.436493618",17,-7.356703195298437,227,0.265807962529274,290,0.3395784543325527
681351,"O'Hoppe, Logan",802,0.9001122334455668,552,"71.969371147",0.20448877805486285,0.34057971014492755,0.2344139650872818,0.17028985507246377,0.1172069825436409,"7.631040935",17,-26.399616957970313,250,0.3117206982543641,258,0.32169576059850374
672580,"Garcia, Maikel",891,0.9045685279187817,774,"71.908026723",0.17171717171717174,0.4392764857881137,0.38159371492704824,0.21188630490956073,0.1840628507295174,"7.264137935",11,-5.1262810369523875,117,0.13131313131313133,478,0.5364758698092031
669720,"Hays, Austin",716,0.9017632241813602,510,"71.906863226",0.19832402234636867,0.31176470588235294,0.22206703910614525,0.13137254901960785,0.0935754189944134,"7.05676338",29,-17.256171182623813,206,0.2877094972067039,254,0.3547486033519553
681481,"Carpenter, Kerry",822,0.9092920353982301,629,"71.899245657",0.18248175182481755,0.383147853736089,0.29318734793187345,0.16375198728139906,0.12530413625304138,"7.478105134",22,4.602289875314019,193,0.23479318734793186,313,0.38077858880778587
656811,"O'Hearn, Ryan",909,0.9126506024096386,713,"71.773209505",0.17821782178217824,0.3281907433380084,0.25742574257425743,0.14305750350631136,0.11221122112211221,"7.115698504",18,-10.545720631865041,196,0.2156215621562156,346,0.38063806380638066
664761,"Bohm, Alec",770,0.903755868544601,666,"71.710521857",0.18181818181818185,0.37537537537537535,0.3246753246753247,0.17267267267267267,0.14935064935064934,"7.279825935",11,-7.249695045195855,104,0.13506493506493505,359,0.4662337662337662
672640,"Lopez, Otto",874,0.9028925619834711,726,"71.697503158",0.21967963386727696,0.3774104683195592,0.3135011441647597,0.17079889807162535,0.14187643020594964,"6.7934977",19,-19.229766660230986,148,0.16933638443935928,420,0.4805491990846682
693307,"Dingler, Dillon",773,0.904093567251462,595,"71.690906274",0.14618369987063395,0.33949579831932775,0.2613195342820181,0.16806722689075632,0.129366106080207,"7.699791552",14,-9.063730830908515,178,0.23027166882276842,303,0.39197930142302717
664023,"Happ, Ian",1042,0.9052997393570807,795,"71.668839664",0.17178502879078697,0.3270440251572327,0.2495201535508637,0.1610062893081761,0.12284069097888675,"6.915486843",15,-27.05052098126756,247,0.23704414587332054,389,0.373320537428023
678662,"Tovar, Ezequiel",774,0.9042056074766355,539,"71.626449315",0.19121447028423774,0.26159554730983303,0.1821705426356589,0.1261595547309833,0.08785529715762273,"7.53609593",7,-21.728416144064536,235,0.30361757105943155,241,0.31136950904392763
650489,"Castro, Willi",805,0.9014557670772676,585,"71.612669441",0.21118012422360252,0.27692307692307694,0.20124223602484473,0.12478632478632479,0.0906832298136646,"7.23363759",13,-16.1305273836682,220,0.2732919254658385,261,0.3242236024844721
646240,"Devers, Rafael",1281,0.9098011363636364,882,"71.576284145",0.19750195160031228,0.31519274376417233,0.21701795472287275,0.17913832199546487,0.12334113973458236,"7.56935064",28,-25.349106891348836,399,0.3114754098360656,376,0.2935206869633099
672275,"Bailey, Patrick",747,0.9,550,"71.564001499",0.15796519410977244,0.3109090909090909,0.2289156626506024,0.13272727272727272,0.09772423025435073,"7.295490455",11,-24.579821367270924,197,0.2637215528781794,270,0.3614457831325301
571448,"Arenado, Nolan",694,0.9001297016861219,589,"71.430622896",0.16858789625360238,0.3395585738539898,0.2881844380403458,0.11375212224108659,0.09654178674351585,"8.428663012",16,-17.912121220039936,105,0.15129682997118155,332,0.4783861671469741
687263,"Neto, Zach",925,0.9033203125,672,"71.408776519",0.13297297297297297,0.36607142857142855,0.26594594594594595,0.1800595238095238,0.1308108108108108,"7.055745276",30,-10.867234499785502,253,0.2735135135135135,327,0.3535135135135135
669016,"Marsh, Brandon",688,0.9064558629776021,537,"71.377627064",0.1395348837209303,0.34450651769087526,0.2688953488372093,0.15083798882681565,0.11773255813953488,"7.138001163",8,-6.031698795050378,151,0.2194767441860465,255,0.3706395348837209
671289,"Freeman, Tyler",643,0.9069111424541608,568,"71.319275474",0.14618973561430793,0.35563380281690143,0.3141524105754277,0.13380281690140844,0.1181959564541213,"6.940430793",7,-19.134377376150784,75,0.1166407465007776,293,0.4556765163297045
596146,"Kepler, Max",783,0.9,621,"71.317041545",0.15964240102171134,0.3671497584541063,0.29118773946360155,0.16586151368760063,0.13154533844189017,"7.363186296",27,-22.799406791715615,162,0.20689655172413793,312,0.39846743295019155
467793,"Santana, Carlos",770,0.9080188679245284,591,"71.281599818",0.17142857142857146,0.29441624365482233,0.22597402597402597,0.13028764805414553,0.1,"7.636639403",13,-30.519462241820086,179,0.23246753246753246,281,0.36493506493506495
668901,"Vientos, Mark",792,0.9051428571428571,551,"71.24039673",0.1477272727272727,0.3720508166969147,0.2588383838383838,0.16878402903811252,0.11742424242424243,"7.553542462",25,-21.43597745017098,241,0.3042929292929293,270,0.3409090909090909
677950,"Thomas, Alek",763,0.8976470588235295,566,"71.188748702",0.145478374836173,0.3409893992932862,0.2529488859764089,0.16431095406360424,0.1218872870249017,"7.030923539",31,-22.008650026100664,197,0.2581913499344692,283,0.3709043250327654
607208,"Turner, Trea",1062,0.9038297872340425,814,"71.186826507",0.17796610169491525,0.3353808353808354,0.2570621468926554,0.14619164619164618,0.1120527306967985,"7.551834849",18,-6.373109558805386,248,0.2335216572504708,419,0.3945386064030132
663647,"Hayes, Ke'Bryan",828,0.9029443838604144,665,"71.186608188",0.11835748792270537,0.37593984962406013,0.30193236714975846,0.16541353383458646,0.13285024154589373,"6.783318623",11,-31.084465226032933,163,0.19685990338164253,375,0.4528985507246377
571970,"Muncy, Max",594,0.8932330827067669,455,"71.174131852",0.1447811447811448,0.3230769230769231,0.2474747474747475,0.16043956043956045,0.12289562289562289,"7.011295135",12,-12.7188850723494,139,0.234006734006734,204,0.3434343434343434
593871,"Polanco, Jorge",800,0.8998875140607424,634,"71.173813463",0.145,0.3911671924290221,0.31,0.1861198738170347,0.1475,"7.217401975",24,-1.6833529532961702,166,0.2075,347,0.43375
573262,"Yastrzemski, Mike",849,0.9031914893617021,709,"71.157065701",0.0965842167255595,0.3455571227080395,0.28857479387514723,0.1368124118476728,0.11425206124852769,"7.495218163",15,-25.223332431405133,140,0.16489988221436985,345,0.40636042402826855
457705,"McCutchen, Andrew",884,0.9020408163265307,671,"71.122639966",0.12104072398190042,0.3174366616989568,0.2409502262443439,0.14157973174366617,0.1074660633484163,"7.650238507",22,-28.044471385204208,213,0.2409502262443439,316,0.3574660633484163
656775,"Mullins, Cedric",866,0.9058577405857741,672,"71.117985693",0.10969976905311779,0.29464285714285715,0.22863741339491916,0.11607142857142858,0.09006928406466513,"7.548014007",15,-29.315748197709112,194,0.22401847575057737,284,0.3279445727482679
691026,"Winn, Masyn",891,0.9045685279187817,724,"71.101336577",0.17283950617283955,0.31215469613259667,0.2536475869809203,0.11740331491712708,0.09539842873176206,"7.466488844",9,-25.099165342298463,167,0.18742985409652077,347,0.3894500561167228
596115,"Story, Trevor",1172,0.904320987654321,827,"71.088040828",0.1424914675767918,0.31197097944377267,0.22013651877133106,0.16444981862152358,0.11604095563139932,"7.358714863",20,-14.301038641917186,345,0.29436860068259385,380,0.3242320819112628
641487,"Crawford, J.P.",1066,0.9049235993208828,862,"71.050039062",0.1932457786116323,0.29350348027842227,0.2373358348968105,0.10788863109048724,0.08724202626641651,"7.1547606",7,-28.262026266950762,204,0.19136960600375236,411,0.38555347091932457
663757,"Grisham, Trent",802,0.9001122334455668,640,"71.027885112",0.11471321695760603,0.378125,0.30174563591022446,0.1828125,0.14588528678304238,"7.616144938",15,-6.987021623566129,162,0.20199501246882792,324,0.40399002493765584
678882,"Rafaela, Ceddanne",1104,0.902698282910875,820,"71.017957464",0.12409420289855072,0.32682926829268294,0.2427536231884058,0.1402439024390244,0.10416666666666667,"7.450740571",20,-23.843744016285438,284,0.2572463768115942,401,0.3632246376811594
664034,"France, Ty",855,0.9018987341772152,691,"71.010602655",0.14736842105263157,0.34008683068017365,0.27485380116959063,0.1577424023154848,0.12748538011695906,"7.450023754",19,-20.847233939616014,164,0.19181286549707602,338,0.3953216374269006
608324,"Bregman, Alex",714,0.9095541401273886,623,"71.001324846",0.0896358543417367,0.4301765650080257,0.3753501400560224,0.15248796147672553,0.1330532212885154,"7.072280294",17,-4.589246284373024,91,0.12745098039215685,349,0.4887955182072829
596019,"Lindor, Francisco",1180,0.9062980030721967,942,"70.957487339",0.16440677966101697,0.3375796178343949,0.26949152542372884,0.13906581740976645,0.11101694915254237,"7.500810839",14,-23.68335971824431,238,0.2016949152542373,436,0.3694915254237288
647304,"Naylor, Josh",924,0.8979591836734694,734,"70.951185801",0.17857142857142855,0.3923705722070845,0.3116883116883117,0.16348773841961853,0.12987012987012986,"7.582832922",21,-2.0420793383728735,190,0.20562770562770563,420,0.45454545454545453
608070,"Ramírez, José",1084,0.9063545150501672,941,"70.947914345",0.1623616236162362,0.34643995749202977,0.3007380073800738,0.13177470775770456,0.11439114391143912,"7.238763063",18,1.9539034993407387,143,0.13191881918819187,474,0.43726937269372695
630105,"Cronenworth, Jake",801,0.897982062780269,653,"70.938401161",0.15480649188514356,0.3016845329249617,0.2459425717852684,0.11944869831546708,0.09737827715355805,"7.022978152",9,-22.237631159902485,148,0.18476903870162298,291,0.36329588014981273
682177,"Schneemann, Daniel",660,0.9004092769440655,479,"70.924933455",0.1196969696969697,0.34029227557411273,0.24696969696969698,0.14613778705636743,0.10606060606060606,"7.012910439",26,-20.125240025484885,181,0.27424242424242423,241,0.36515151515151517
621020,"Swanson, Dansby",1131,0.9040767386091128,815,"70.896480433",0.056587091069849715,0.3558282208588957,0.2564102564102564,0.16932515337423312,0.1220159151193634,"7.414343634",29,-23.848701462260564,316,0.27939876215738285,401,0.35455349248452694
668715,"Steer, Spencer",984,0.9027522935779817,748,"70.872283211",0.07113821138211383,0.30080213903743314,0.22865853658536586,0.10026737967914438,0.07621951219512195,"7.388738669",18,-15.05758301305991,236,0.23983739837398374,359,0.3648373983739837
686668,"Doyle, Brenton",862,0.9026178010471204,625,"70.753457343",0.06264501160092809,0.3648,0.26450116009280744,0.1584,0.1148491879350348,"7.21751203",24,-24.988634587496893,237,0.27494199535962877,334,0.3874709976798144
690993,"Keith, Colt",732,0.9093167701863354,579,"70.746111175",0.09972677595628415,0.35578583765112265,0.2814207650273224,0.15198618307426598,0.12021857923497267,"6.814692404",15,-17.155402952232585,153,0.20901639344262296,293,0.40027322404371585
643446,"McNeil, Jeff",793,0.9042189281641961,678,"70.745086822",0.1021437578814628,0.3141592920353982,0.2686002522068096,0.09144542772861357,0.07818411097099622,"7.330167793",17,-16.10973020129731,115,0.1450189155107188,322,0.4060529634300126
683734,"Vaughn, Andrew",713,0.9013906447534766,569,"70.666420463",0.12201963534361851,0.4007029876977153,0.31977559607293127,0.1827768014059754,0.1458625525946704,"7.262415568",11,-20.392890845384446,144,0.20196353436185133,306,0.42917251051893407
668930,"Turang, Brice",1070,0.9006734006734006,867,"70.652912252",0.18130841121495336,0.34371395617070355,0.27850467289719627,0.14302191464821223,0.11588785046728972,"6.829842991",27,-5.9071490302680605,203,0.1897196261682243,404,0.3775700934579439
678246,"Vargas, Miguel",940,0.9012464046021093,772,"70.631688011",0.11702127659574468,0.3601036269430052,0.2957446808510638,0.13212435233160622,0.10851063829787234,"7.605435479",17,-23.86906323647719,168,0.17872340425531916,372,0.39574468085106385
702616,"Holliday, Jackson",996,0.9038112522686026,771,"70.618351546",0.10742971887550205,0.35149156939040205,0.2720883534136546,0.1504539559014267,0.11646586345381527,"6.903384729",21,-29.110233874503123,225,0.22590361445783133,398,0.39959839357429716
700932,"Manzardo, Kyle",855,0.9047619047619048,625,"70.594998772",0.07953216374269004,0.3568,0.2608187134502924,0.1424,0.10409356725146199,"7.394629942",20,-11.305887576220734,230,0.26900584795321636,306,0.35789473684210527
666971,"Gurriel Jr., Lourdes",923,0.9013671875,758,"70.593145666",0.09642470205850487,0.35224274406332456,0.28927410617551463,0.12928759894459102,0.10617551462621885,"7.490822839",16,-9.982439091042778,165,0.17876489707475623,402,0.4355362946912243
672761,"Pérez, Wenceel",671,0.9079837618403248,498,"70.54541386",0.08494783904619972,0.3714859437751004,0.2757078986587183,0.142570281124498,0.10581222056631892,"6.956413279",3,-12.232143040527127,173,0.2578241430700447,240,0.35767511177347244
693304,"Gonzales, Nick",695,0.9037711313394018,537,"70.517897698",0.13525179856115105,0.35567970204841715,0.27482014388489207,0.13221601489757914,0.10215827338129496,"7.550997827",24,-22.866620738973232,158,0.2273381294964029,279,0.4014388489208633
592206,"Castellanos, Nick",1121,0.9018503620273531,798,"70.517567823",0.16949152542372883,0.32205513784461154,0.22925958965209633,0.11904761904761904,0.0847457627118644,"7.682416566",17,-21.9976089231032,323,0.288135593220339,370,0.33006244424620873
666018,"Aranda, Jonathan",730,0.9012345679012346,558,"70.474476274",0.13698630136986306,0.3207885304659498,0.2452054794520548,0.16666666666666666,0.1273972602739726,"7.291074945",9,1.6463650811766501,172,0.2356164383561644,238,0.32602739726027397
608348,"Kelly, Carson",666,0.9135802469135802,526,"70.432022402",0.06306306306306306,0.34980988593155893,0.27627627627627627,0.1482889733840304,0.11711711711711711,"6.991381832",2,-13.706258817382789,140,0.21021021021021022,261,0.3918918918918919
673962,"Jung, Josh",870,0.9015544041450777,668,"70.283741103",0.051724137931034496,0.33532934131736525,0.2574712643678161,0.16766467065868262,0.12873563218390804,"6.976292299",17,-12.765586202537845,202,0.23218390804597702,325,0.3735632183908046
682657,"Martínez, Angel",818,0.9028697571743929,641,"70.190628509",0.10757946210268948,0.3088923556942278,0.24205378973105135,0.09516380655226209,0.0745721271393643,"7.380795758",7,-27.424327860554055,177,0.21638141809290953,300,0.36674816625916873
650402,"Torres, Gleyber",948,0.90371782650143,772,"70.189734515",0.11814345991561179,0.3588082901554404,0.2921940928270042,0.14507772020725387,0.11814345991561181,"7.158491508",17,-28.196872154978067,176,0.18565400843881857,383,0.4040084388185654
669242,"Edman, Tommy",566,0.9041533546325878,462,"70.183830106",0.12014134275618377,0.37662337662337664,0.30742049469964666,0.16017316017316016,0.13074204946996468,"6.904267155",6,-9.26689698019177,104,0.18374558303886926,267,0.4717314487632509
641355,"Bellinger, Cody",1121,0.9106417546709992,928,"70.110897618",0.06512042818911686,0.3394396551724138,0.28099910793933985,0.12607758620689655,0.10437109723461195,"7.756810116",10,-4.093173746158876,193,0.17216770740410348,463,0.4130240856378234
677587,"Rocchio, Brayan",620,0.9024745269286754,465,"69.997537065",0.06774193548387097,0.3655913978494624,0.27419354838709675,0.13333333333333333,0.1,"7.326627677",10,-26.269806075058426,155,0.25,243,0.3919354838709677
670770,"Friedl, TJ",893,0.907520325203252,742,"69.877426898",0.05935050391937292,0.3692722371967655,0.3068309070548712,0.11859838274932614,0.09854423292273236,"6.722807492",14,-30.959745828460562,151,0.1690929451287794,424,0.4748040313549832
518692,"Freeman, Freddie",1085,0.8966942148760331,818,"69.860023438",0.08387096774193548,0.3533007334963325,0.2663594470046083,0.15647921760391198,0.11797235023041475,"6.870888249",13,-5.14798928199787,267,0.24608294930875577,401,0.3695852534562212
669257,"Smith, Will",648,0.8950276243093923,514,"69.791438858",0.0617283950617284,0.35992217898832685,0.2854938271604938,0.16342412451361868,0.12962962962962962,"7.257674645",20,0.8407974842092458,134,0.20679012345679013,249,0.38425925925925924
514888,"Altuve, Jose",965,0.9018691588785047,783,"69.713636176",0.10984455958549218,0.3167305236270754,0.25699481865284973,0.10217113665389528,0.08290155440414508,"7.568655316",12,-12.613978835187885,182,0.18860103626943006,414,0.42901554404145076
680574,"McLain, Matt",879,0.9024640657084189,641,"69.693676359",0.052332195676905585,0.32605304212168484,0.23777019340159272,0.12324492979719189,0.08987485779294653,"6.850454437",30,-31.5642473151825,238,0.2707622298065984,303,0.3447098976109215
683737,"Busch, Michael",941,0.9004784688995215,708,"69.634582455",0.07013815090329438,0.384180790960452,0.28905419766206164,0.17372881355932204,0.13071200850159406,"7.024825547",18,-2.587757008288133,233,0.24760892667375134,340,0.361317747077577
807713,"Shaw, Matt",714,0.9003783102143758,571,"69.579360168",0.11484593837535016,0.2819614711033275,0.22549019607843138,0.10157618213660245,0.08123249299719888,"6.960253908",18,-11.193740249426012,143,0.20028011204481794,275,0.3851540616246499
666158,"Lux, Gavin",778,0.9015063731170336,632,"69.569832481",0.05141388174807196,0.3449367088607595,0.2802056555269923,0.12025316455696203,0.09768637532133675,"7.360788586",32,-11.153529027270352,146,0.18766066838046272,317,0.4074550128534704
666023,"Fermin, Freddy",624,0.9030390738060782,495,"69.565852612",0.05288461538461539,0.33131313131313134,0.26282051282051283,0.10707070707070707,0.08493589743589744,"7.283905801",21,-15.705446465225098,129,0.20673076923076922,229,0.36698717948717946
650859,"Rengifo, Luis",903,0.9011976047904192,708,"69.537732968",0.07308970099667773,0.3403954802259887,0.26688815060908083,0.10875706214689265,0.08527131782945736,"7.063275437",13,-32.04117713033814,195,0.2159468438538206,364,0.40310077519379844
686797,"Lee, Brooks",851,0.9005291005291005,673,"69.50977342",0.09400705052878967,0.362555720653789,0.28672150411280845,0.0950965824665676,0.07520564042303172,"7.168350118",42,-31.21788710698662,178,0.209165687426557,351,0.41245593419506466
621493,"Ward, Taylor",890,0.9035532994923858,688,"69.470514",0.07191011235955057,0.373546511627907,0.28876404494382024,0.14680232558139536,0.11348314606741573,"7.089613539",26,-1.7155338547897279,202,0.22696629213483147,353,0.39662921348314606
681082,"Stott, Bryson",879,0.904320987654321,750,"69.352879829",0.05688282138794087,0.336,0.28668941979522183,0.10533333333333333,0.08987485779294653,"7.198063345",11,-18.429515089438787,129,0.14675767918088736,378,0.4300341296928328
680977,"Donovan, Brendan",728,0.9032258064516129,634,"69.324502088",0.048076923076923066,0.4227129337539432,0.36813186813186816,0.1750788643533123,0.15247252747252749,"6.806265975",8,-15.246715045026654,94,0.12912087912087913,363,0.49862637362637363
665926,"Giménez, Andrés",653,0.9082058414464534,500,"69.282386172",0.07044410413476265,0.314,0.24042879019908117,0.08,0.06125574272588055,"7.047640337",5,-27.016218751292186,153,0.2343032159264931,236,0.3614088820826952
666182,"Bichette, Bo",1037,0.9001736111111112,856,"69.120509508",0.09353905496624881,0.34579439252336447,0.2854387656702025,0.15537383177570094,0.12825458052073288,"7.274691003",21,-8.652326783136377,181,0.17454194792671165,414,0.39922854387656703
643565,"Tauchman, Mike",655,0.9009628610729024,505,"69.078247328",0.059541984732824425,0.3227722772277228,0.24885496183206107,0.11683168316831684,0.0900763358778626,"7.17535426",16,-9.65043502791106,150,0.22900763358778625,229,0.34961832061068704
669701,"Smith, Josh",902,0.9010989010989011,725,"69.062262971",0.03658536585365854,0.3393103448275862,0.2727272727272727,0.10482758620689656,0.08425720620842572,"6.738840532",13,-26.906579540959207,177,0.19623059866962306,354,0.3924611973392461
687363,"Scott II, Victor",650,0.9002770083102493,473,"69.026271338",0.06000000000000001,0.3171247357293869,0.23076923076923078,0.07399577167019028,0.05384615384615385,"6.390859677",21,-34.08027644131908,177,0.2723076923076923,233,0.35846153846153844
605141,"Betts, Mookie",860,0.8977035490605428,754,"69.024111477",0.08023255813953488,0.4708222811671088,0.4127906976744186,0.13395225464190982,0.11744186046511627,"7.029899407",30,-16.093931825083402,106,0.12325581395348838,471,0.5476744186046512
645277,"Albies, Ozzie",1121,0.9004016064257028,908,"68.983518707",0.0704727921498662,0.3502202643171806,0.2836752899197145,0.08149779735682819,0.06601248884924175,"7.216701169",17,-32.1293119786113,213,0.19000892060660124,453,0.4041034790365745
670623,"Paredes, Isaac",651,0.899171270718232,546,"68.963111045",0.09523809523809526,0.31684981684981683,0.26574500768049153,0.09523809523809523,0.07987711213517665,"8.031778495",8,-10.626292685964522,105,0.16129032258064516,253,0.38863287250384027
641680,"Heim, Jonah",741,0.902557856272838,573,"68.955558448",0.048582995951417005,0.34904013961605584,0.2699055330634278,0.11518324607329843,0.08906882591093117,"7.51248525",15,-28.212809031538605,168,0.22672064777327935,276,0.3724696356275304
643217,"Benintendi, Andrew",763,0.9008264462809917,586,"68.746355636",0.031454783748361734,0.3856655290102389,0.2961992136304063,0.12798634812286688,0.0982961992136304,"7.084330996",14,-16.853600673392563,177,0.23197903014416776,312,0.4089121887287025
687462,"Horwitz, Spencer",680,0.8994708994708994,566,"68.514093706",0.07058823529411765,0.31802120141342755,0.2647058823529412,0.08833922261484099,0.07352941176470588,"6.959581941",13,-13.180002631561317,114,0.1676470588235294,253,0.3720588235294118
663538,"Hoerner, Nico",987,0.9021937842778793,898,"68.463165846",0.026342451874366776,0.40089086859688194,0.364741641337386,0.09688195991091314,0.08814589665653495,"7.187898632",16,-11.999451999974813,89,0.09017223910840932,513,0.5197568389057751
543760,"Semien, Marcus",865,0.9001040582726326,683,"68.434827283",0.0531791907514451,0.3616398243045388,0.2855491329479769,0.11859443631039532,0.09364161849710982,"7.719282347",24,-36.49088380208603,182,0.21040462427745665,336,0.3884393063583815
808982,"Lee, Jung Hoo",911,0.8984220907297831,798,"68.34337596",0.027442371020856216,0.39849624060150374,0.34906695938529086,0.10776942355889724,0.09440175631174534,"7.530641131",6,-19.728466119693316,113,0.12403951701427003,440,0.4829857299670692
672695,"Perdomo, Geraldo",1017,0.901595744680851,910,"68.256621416",0.04621435594886922,0.36043956043956044,0.3225172074729597,0.1021978021978022,0.09144542772861357,"6.900227158",21,6.635629512733023,107,0.10521140609636184,469,0.4611602753195674
686217,"Frelick, Sal",874,0.9056994818652849,777,"68.189706979",0.053775743707093836,0.33462033462033464,0.2974828375286041,0.07335907335907337,0.06521739130434782,"7.113939005",13,-9.567982975076832,97,0.11098398169336385,398,0.45537757437070936
664770,"Lukes, Nathan",687,0.893368010403121,594,"68.021301805",0.053857350800582245,0.3501683501683502,0.3027656477438137,0.1111111111111111,0.09606986899563319,"6.485791456",7,-2.0557359077575597,93,0.13537117903930132,295,0.4294032023289665
702332,"Durbin, Caleb",699,0.905440414507772,629,"67.915193605",0.01859799713876968,0.37042925278219396,0.3333333333333333,0.0794912559618442,0.0715307582260372,"6.831482003",21,-15.837320131133783,70,0.10014306151645208,361,0.5164520743919886
676391,"Clement, Ernie",859,0.9023109243697479,760,"67.618231374",0.024447031431897557,0.41842105263157897,0.370197904540163,0.09342105263157895,0.08265424912689173,"7.047038556",30,-20.923306162325616,99,0.11525029103608847,441,0.5133876600698487
656716,"McKinstry, Zach",844,0.9134199134199135,657,"67.540293898",0.01895734597156399,0.3089802130898021,0.24052132701421802,0.0898021308980213,0.06990521327014218,"6.799644265",9,-16.28571169531085,187,0.22156398104265404,310,0.36729857819905215
694384,"Schanuel, Nolan",809,0.899888765294772,692,"67.529340396",0.060568603213844247,0.3786127167630058,0.3238566131025958,0.09393063583815028,0.08034610630407911,"6.695874351",13,-25.73497208474822,117,0.1446229913473424,356,0.4400494437577256
700337,"Quero, Edgar",648,0.9012517385257302,515,"67.499071944",0.01388888888888889,0.4330097087378641,0.3441358024691358,0.14951456310679612,0.11882716049382716,"6.715046188",5,-20.906195368053634,133,0.2052469135802469,269,0.41512345679012347
805367,"Meidroth, Chase",692,0.9010416666666666,617,"67.434461228",0.015895953757225433,0.44084278768233387,0.3930635838150289,0.11993517017828201,0.1069364161849711,"6.652545072",12,-21.338330062212787,75,0.10838150289017341,351,0.5072254335260116
663968,"Mangum, Jake",757,0.8990498812351544,617,"67.308387186",0.052840158520475564,0.32901134521880065,0.26816380449141347,0.09562398703403566,0.07793923381770146,"6.533167952",8,-18.379137474104066,140,0.18494055482166447,288,0.380449141347424
669364,"Edwards, Xavier",924,0.8988326848249028,815,"66.87790447",0.02380952380952381,0.3570552147239264,0.31493506493506496,0.06748466257668712,0.05952380952380952,"6.3922075",11,-32.54316183842376,109,0.11796536796536797,410,0.44372294372294374
643396,"Kiner-Falefa, Isiah",685,0.9013157894736842,590,"66.566837869",0.011678832116788326,0.3440677966101695,0.29635036496350364,0.08983050847457627,0.07737226277372262,"6.89319981",11,-12.7809287060414,95,0.1386861313868613,319,0.4656934306569343
624428,"Frazier, Adam",809,0.8988888888888888,668,"65.886248467",0.016069221260815822,0.3263473053892216,0.2694684796044499,0.041916167664670656,0.034610630407911,"6.912314771",16,-25.824432551455168,141,0.17428924598269468,306,0.37824474660074164
527038,"Flores, Wilmer",771,0.8996499416569428,619,"65.529887795",0.00907911802853437,0.345718901453958,0.2775616083009079,0.061389337641357025,0.04928664072632944,"6.89320441",17,-23.924144277698794,152,0.19714656290531776,282,0.3657587548638132
805779,"Wilson, Jacob",721,0.899002493765586,653,"63.878761123",0.0027739251040221915,0.4165390505359878,0.37725381414701803,0.04134762633996937,0.03744798890429958,"6.105867018",9,-9.487851623040518,68,0.09431345353675451,378,0.5242718446601942
680757,"Kwan, Steven",954,0.9,882,"63.681147338",0.008385744234800836,0.42517006802721086,0.39308176100628933,0.04081632653061224,0.03773584905660377,"6.32893608",16,-32.46456677657088,72,0.07547169811320754,468,0.49056603773584906
650333,"Arraez, Luis",1013,0.8980496453900709,961,"62.648735321",0.003948667324777887,0.449531737773153,0.42645607107601186,0.021852237252861603,0.02073050345508391,"5.857707374",8,-22.59428294545776,52,0.05133267522211254,513,0.506416584402764